Model,Year,Region,Color,Fuel_Type,Engine_Size_L,Mileage_KM,Price_USD,Sales_Volume,Sales_Classification
5 Series,2016,Asia,Red,Petrol,3.5,151748,98740,8300,High
i8,2013,North America,Red,Hybrid,1.6,121671,79219,3428,Low
5 Series,2022,North America,Blue,Petrol,4.5,10991,113265,6994,Low
X3,2024,Middle East,Blue,Petrol,1.7,27255,60971,4047,Low
7 Series,2020,South America,Black,Diesel,2.1,122131,49898,3080,Low
5 Series,2017,Middle East,Silver,Diesel,1.9,171362,42926,1232,Low
i8,2022,Europe,White,Diesel,1.8,196741,55064,7949,High
M5,2014,Asia,Black,Diesel,1.6,121156,102778,632,Low
X3,2016,South America,White,Diesel,1.7,48073,116482,8944,High
i8,2019,Europe,White,Electric,3,35700,96257,4411,Low
3 Series,2012,Middle East,White,Electric,2.4,101595,117995,500,Low
i8,2016,North America,Blue,Hybrid,1.9,116863,74539,8252,High
7 Series,2020,North America,Silver,Diesel,3.8,27403,100015,8111,High
5 Series,2020,Africa,White,Electric,2.3,163444,119486,4668,Low
X1,2017,Asia,Black,Electric,1.6,107918,34078,7291,High
M3,2014,North America,Silver,Hybrid,3,154050,94997,7765,High
X5,2013,Asia,Blue,Electric,2.6,110142,114844,5561,Low
M5,2017,North America,Red,Diesel,2.6,86900,81934,9755,High
5 Series,2017,North America,Silver,Electric,3.1,57843,111326,4880,Low
X5,2012,Africa,Blue,Electric,3.8,142243,82677,7104,High
X3,2015,North America,Red,Diesel,3.7,123910,88091,8635,High
X1,2014,Africa,White,Petrol,4.8,13568,62941,1113,Low
M5,2011,Europe,Grey,Electric,3.3,78042,49507,9383,High
7 Series,2017,North America,Black,Petrol,3.2,58288,101791,7521,High
X5,2021,South America,Red,Diesel,2.2,184981,47527,6273,Low
X3,2023,Middle East,White,Electric,4.1,194398,85370,4645,Low
M3,2015,Asia,Red,Hybrid,2,41514,116902,8897,High
X1,2011,North America,Black,Hybrid,3.2,104742,107465,6481,Low
M5,2021,Asia,Red,Hybrid,3,105162,32076,9469,High
M3,2014,Asia,White,Electric,3.8,90282,64049,1440,Low
i8,2010,South America,Black,Hybrid,4.7,16020,102215,5006,Low
i8,2021,South America,Silver,Diesel,4.8,3188,64577,448,Low
M5,2019,Asia,Red,Diesel,2.1,97294,53277,4091,Low
i8,2015,Asia,White,Hybrid,2.4,194395,118788,3384,Low
X1,2022,Middle East,Grey,Hybrid,4.3,143013,116432,4926,Low
M5,2021,South America,Grey,Petrol,3.3,88342,108240,4561,Low
X3,2018,Middle East,White,Petrol,3.1,33370,52717,8046,High
i8,2010,Middle East,Grey,Petrol,4,98514,37949,2278,Low
M3,2020,Africa,Black,Petrol,3.6,82668,86748,3929,Low
X5,2020,Middle East,White,Hybrid,4.9,132299,35401,7110,High
i3,2024,Middle East,Red,Petrol,3.5,135958,69578,173,Low
M5,2019,South America,White,Diesel,3.1,192690,37177,5946,Low
X5,2021,Africa,Red,Diesel,3.4,99697,60278,2913,Low
X5,2021,Middle East,Black,Petrol,4.3,44279,96256,7627,High
X5,2024,South America,Black,Hybrid,3.6,111661,82675,2155,Low
i8,2023,Europe,Blue,Diesel,3.8,78573,118317,7168,High
i3,2023,North America,Silver,Petrol,4.9,94453,79039,8283,High
5 Series,2024,Asia,Blue,Electric,3.7,157789,86855,648,Low
X6,2023,Africa,White,Hybrid,2.8,84367,112542,7933,High
i3,2012,Asia,White,Hybrid,3.9,193905,93508,8438,High
X3,2021,Asia,Silver,Hybrid,3.8,57759,119692,6782,Low
M3,2016,Africa,Black,Hybrid,1.5,113832,49278,3153,Low
i8,2013,Middle East,White,Petrol,3.1,42427,44269,5887,Low
i3,2018,South America,Red,Petrol,4.1,1428,46127,608,Low
i8,2012,Middle East,Red,Diesel,3.2,110845,100747,3291,Low
M5,2014,South America,Red,Electric,4.2,125379,96739,3754,Low
X5,2012,Middle East,Black,Petrol,3.1,107014,57537,4125,Low
X6,2016,South America,Silver,Hybrid,4.9,180186,46263,9762,High
M3,2014,Europe,Red,Electric,2.5,74474,65464,9390,High
3 Series,2018,Africa,Black,Electric,1.8,117061,54762,3293,Low
M3,2016,South America,Grey,Electric,3,102675,93915,9470,High
X6,2011,Middle East,Blue,Diesel,3.4,27706,117237,5425,Low
i8,2013,South America,Black,Diesel,2.7,150761,34193,425,Low
X6,2018,Asia,Red,Electric,2.3,10027,89970,4935,Low
3 Series,2021,North America,Black,Hybrid,3.9,87632,65089,660,Low
3 Series,2023,Europe,Black,Electric,2.8,128295,86402,4266,Low
M3,2011,Asia,Red,Diesel,3.7,40915,44322,2191,Low
X3,2019,Asia,Silver,Electric,4.2,88705,111352,1932,Low
7 Series,2018,Middle East,Blue,Petrol,4.2,94859,50620,6962,Low
3 Series,2019,South America,Silver,Hybrid,2.8,193021,44950,1703,Low
X6,2014,Europe,Grey,Diesel,3.5,178427,101523,8589,High
5 Series,2011,Middle East,Red,Hybrid,3.1,139212,31815,2011,Low
7 Series,2013,Asia,Red,Hybrid,4.5,144832,118363,1564,Low
i3,2021,South America,Red,Electric,4.6,107985,43355,945,Low
X1,2024,Europe,Red,Petrol,2.7,24141,84346,4289,Low
i3,2021,North America,Silver,Electric,1.8,112862,66155,3748,Low
X1,2016,Europe,Black,Petrol,2.1,37975,101753,3476,Low
X3,2021,North America,Grey,Electric,2.8,75480,68274,5759,Low
X3,2022,Middle East,Grey,Petrol,3.5,52217,78144,9420,High
M3,2017,North America,Grey,Hybrid,3.8,24291,87604,9797,High
M5,2024,North America,Black,Diesel,2.7,143885,90388,7944,High
7 Series,2012,South America,Silver,Petrol,3.8,93073,102551,6709,Low
7 Series,2023,North America,Grey,Diesel,4.8,64153,117121,4823,Low
X6,2010,Europe,Red,Hybrid,3.8,128477,68106,1048,Low
i8,2013,Middle East,Grey,Petrol,2.1,119491,78729,9545,High
M5,2011,North America,Grey,Hybrid,3.5,94375,71912,2167,Low
M5,2017,South America,White,Petrol,3.4,190609,94286,3140,Low
X6,2013,South America,White,Hybrid,4.5,94915,50923,7821,High
i8,2011,Middle East,Grey,Diesel,2.7,144698,37887,2085,Low
X3,2023,Europe,Red,Hybrid,3,12922,101473,8030,High
i8,2015,Middle East,Black,Electric,3.6,46176,96965,5409,Low
X5,2015,Middle East,Black,Hybrid,3.3,121271,76799,4367,Low
X3,2019,North America,Silver,Hybrid,4,189804,119927,1472,Low
i3,2013,Africa,Black,Diesel,1.6,192509,72385,455,Low
i3,2015,Asia,Silver,Electric,3.5,68161,63696,7218,High
X6,2022,Asia,White,Electric,1.9,182027,35951,3389,Low
X5,2024,Asia,Blue,Hybrid,2.6,120597,95900,8581,High
i8,2011,Europe,Red,Hybrid,3.8,184765,44846,1431,Low
X5,2019,Africa,Blue,Electric,2.1,161177,95908,2775,Low
X1,2021,Asia,Silver,Diesel,2.6,84621,119897,4601,Low
3 Series,2011,Middle East,Red,Hybrid,4,22280,55612,6698,Low
M5,2019,Europe,Black,Diesel,3.8,127689,72188,6056,Low
i3,2023,Africa,Grey,Hybrid,1.8,73990,89587,6301,Low
M5,2013,Asia,Red,Diesel,3.5,17838,46231,8734,High
X1,2023,Middle East,Silver,Diesel,2,172729,85801,8644,High
7 Series,2024,North America,Grey,Electric,2.4,80659,92213,5456,Low
7 Series,2024,Africa,Blue,Diesel,3.1,132686,42013,8472,High
i8,2017,Asia,Grey,Petrol,1.9,146940,50942,5940,Low
7 Series,2023,Europe,Red,Electric,5,50602,83812,2241,Low
7 Series,2016,Africa,Grey,Petrol,2.1,49521,93993,8663,High
X3,2021,Africa,Blue,Electric,4.2,169825,30158,8293,High
i8,2018,Europe,Black,Petrol,4.4,193467,102279,8445,High
i3,2023,North America,Silver,Electric,5,190643,36081,190,Low
7 Series,2017,Middle East,Grey,Petrol,3,112754,93431,7462,High
M3,2014,Middle East,Blue,Diesel,4.6,42711,40950,8339,High
i8,2022,South America,Grey,Diesel,4.9,103105,66212,4055,Low
5 Series,2011,Europe,White,Petrol,2.1,146963,90224,3683,Low
3 Series,2024,South America,Grey,Hybrid,3.2,144152,49557,1180,Low
X6,2014,Europe,Blue,Diesel,1.7,105592,100663,9100,High
X5,2017,South America,Grey,Petrol,3.7,31779,83059,6844,Low
M5,2019,Asia,Blue,Petrol,3.5,154626,45389,8882,High
X6,2018,North America,Red,Diesel,2.2,162862,36520,2914,Low
3 Series,2021,Africa,Grey,Diesel,4.3,170208,40194,4548,Low
5 Series,2021,Asia,Blue,Electric,1.6,140059,82668,271,Low
X3,2021,Middle East,Grey,Electric,4.3,63050,107348,2451,Low
7 Series,2022,North America,Silver,Petrol,1.6,123623,52099,4212,Low
X5,2018,Middle East,Black,Petrol,3.8,159629,117084,3275,Low
M3,2022,Asia,Blue,Diesel,1.8,189688,38811,7337,High
X6,2024,North America,White,Petrol,2.4,120004,109733,8345,High
X3,2022,Asia,Black,Diesel,4,160878,53997,2162,Low
i8,2010,North America,White,Electric,2.5,75457,101282,8396,High
5 Series,2018,Middle East,Grey,Petrol,3.3,45371,87345,1299,Low
X5,2016,Europe,Silver,Petrol,4.7,182118,64095,3880,Low
X6,2018,Europe,Silver,Hybrid,1.7,10316,117764,5637,Low
X5,2017,South America,Red,Petrol,4.3,169491,40275,8394,High
X6,2010,Africa,Silver,Petrol,1.7,176650,33796,5935,Low
7 Series,2021,South America,Blue,Petrol,1.9,68969,111071,5908,Low
X6,2017,South America,Red,Hybrid,1.9,111235,39627,3147,Low
M5,2017,Asia,Blue,Diesel,5,51891,103316,1732,Low
i3,2024,South America,White,Hybrid,2.1,197241,106619,719,Low
i3,2020,South America,Grey,Hybrid,4.6,47754,36666,1460,Low
M5,2012,Europe,Black,Electric,5,86899,56202,3235,Low
M5,2010,South America,White,Diesel,2.8,121393,108152,7139,High
i3,2017,North America,Silver,Hybrid,3.7,70038,102447,2694,Low
X5,2012,North America,White,Petrol,4.2,172752,85983,3403,Low
i3,2012,Africa,Blue,Petrol,2.9,93629,99958,8216,High
3 Series,2010,Asia,Black,Petrol,2.1,107572,86660,8650,High
3 Series,2020,North America,Silver,Hybrid,3,158046,78509,8070,High
X6,2014,Middle East,Black,Electric,4.2,3374,84798,169,Low
5 Series,2019,South America,Red,Hybrid,4.2,132625,88464,6353,Low
i3,2016,North America,Black,Petrol,2.3,91458,33185,8634,High
M5,2019,Europe,Red,Hybrid,2.1,252,66606,1684,Low
7 Series,2018,Middle East,Black,Electric,4.7,38502,85604,5312,Low
M3,2021,North America,Grey,Diesel,1.7,54226,116198,7059,High
X1,2016,Africa,Grey,Petrol,4.1,172950,119996,9620,High
3 Series,2018,Asia,White,Hybrid,1.7,19899,50651,8157,High
7 Series,2017,Europe,White,Petrol,4.4,185687,106473,8666,High
X1,2021,Africa,Red,Hybrid,4.7,190652,41920,2600,Low
5 Series,2011,Europe,Black,Diesel,2.5,116859,103384,9334,High
5 Series,2010,Europe,Red,Petrol,1.8,194101,34120,1344,Low
5 Series,2016,Europe,Silver,Petrol,3.2,167770,119412,8291,High
X3,2016,South America,Blue,Diesel,2.5,143519,34749,7553,High
M5,2023,Asia,Red,Electric,3,130509,94884,9645,High
3 Series,2017,Europe,Grey,Petrol,3.8,89365,86684,9474,High
X3,2014,Middle East,Black,Petrol,2.2,80167,60899,8000,High
5 Series,2012,Asia,Red,Diesel,2.7,124260,39501,6584,Low
7 Series,2021,Europe,Black,Diesel,4.2,83191,60731,6249,Low
i8,2017,Middle East,Grey,Petrol,3.8,110899,71690,1697,Low
i3,2015,Middle East,Red,Diesel,2.6,67021,58894,6072,Low
3 Series,2020,South America,Black,Electric,3.8,55451,79774,1142,Low
7 Series,2012,North America,Silver,Hybrid,4.2,178603,42764,9856,High
i3,2010,Africa,Blue,Petrol,3.6,91061,45834,7607,High
X3,2012,North America,White,Diesel,2.3,121703,116468,8333,High
M5,2014,Africa,Red,Petrol,1.5,88800,59448,3877,Low
3 Series,2024,Africa,Grey,Electric,4.3,69653,113482,4956,Low
X5,2023,South America,Black,Diesel,4.4,183143,86846,5598,Low
X1,2012,Europe,Silver,Electric,3.9,63716,74494,6791,Low
i3,2010,Africa,Blue,Diesel,1.8,120482,101137,968,Low
X1,2014,South America,Blue,Hybrid,3.5,148268,109617,8217,High
3 Series,2019,Africa,Silver,Electric,4.4,33051,108637,5548,Low
M5,2016,Asia,Silver,Diesel,2.9,163812,88181,148,Low
3 Series,2024,South America,Blue,Hybrid,2.2,69698,79650,6447,Low
X3,2023,South America,White,Petrol,3.6,156141,51627,6673,Low
X5,2016,North America,Silver,Hybrid,4.4,118309,99967,8127,High
X6,2020,Europe,Silver,Diesel,1.7,64180,32120,9970,High
i3,2018,Asia,Blue,Hybrid,3.6,198246,91547,9832,High
X1,2024,Asia,Grey,Hybrid,3.8,198285,102818,3880,Low
5 Series,2024,Middle East,Grey,Petrol,3.6,120789,49279,9951,High
5 Series,2019,Middle East,Black,Petrol,3.8,178723,36571,7403,High
i8,2019,Middle East,Silver,Diesel,3.7,124371,96066,8537,High
X3,2021,Europe,Blue,Hybrid,2,126258,32119,4249,Low
7 Series,2022,Middle East,Blue,Diesel,2.3,126953,57691,271,Low
3 Series,2012,South America,Blue,Petrol,3.7,78678,96429,6974,Low
X1,2024,Middle East,Grey,Electric,1.6,190540,112644,2922,Low
X1,2016,Africa,Red,Petrol,3.7,70187,49010,3433,Low
X5,2010,Asia,White,Petrol,3.8,35565,39793,6620,Low
3 Series,2013,South America,Black,Electric,2.3,173100,101189,1476,Low
3 Series,2022,South America,Red,Electric,3.6,68978,107968,4129,Low
i3,2013,Asia,Black,Petrol,3.4,115144,51327,9128,High
3 Series,2023,Asia,Grey,Diesel,2.4,58991,84635,3507,Low
X1,2014,Europe,Blue,Hybrid,3.1,48040,77484,9106,High
3 Series,2016,Europe,White,Electric,4.7,149253,71328,3222,Low
X5,2016,Africa,White,Electric,3,146541,72024,9331,High
X5,2022,Africa,White,Electric,3.7,123227,72436,5761,Low
i3,2024,Middle East,Blue,Diesel,1.6,17798,93997,6920,Low
5 Series,2020,South America,Blue,Electric,1.8,18642,53862,6897,Low
X3,2022,Africa,Black,Petrol,1.8,10590,105924,5139,Low
M5,2013,North America,Grey,Petrol,4.2,31068,62719,1396,Low
X3,2022,Europe,Black,Petrol,2.7,197678,49919,491,Low
3 Series,2016,Africa,Black,Petrol,2.3,189931,71591,6640,Low
X5,2020,Europe,Blue,Diesel,4.1,127392,86328,8960,High
X1,2012,Middle East,White,Electric,2.1,180074,42552,5542,Low
3 Series,2015,Europe,Red,Hybrid,2.4,191042,89156,7342,High
X1,2021,South America,Grey,Diesel,3,37616,79927,1057,Low
M3,2011,South America,White,Petrol,2.7,75468,39495,7431,High
M5,2019,Europe,Red,Petrol,3.5,46076,38271,6150,Low
X3,2022,North America,Grey,Electric,2.7,21607,74435,9536,High
X3,2023,Asia,Blue,Petrol,2.9,87564,103988,5141,Low
M3,2018,Asia,Silver,Electric,4.5,66023,73953,1659,Low
X3,2014,South America,White,Hybrid,4.6,195047,106673,4699,Low
M3,2015,Africa,Blue,Diesel,4.4,152887,42738,6588,Low
X3,2021,Asia,Grey,Hybrid,4.5,122956,53097,1474,Low
X6,2021,South America,Blue,Petrol,3.5,27659,60936,2428,Low
3 Series,2021,Asia,White,Hybrid,3.8,157700,87186,5065,Low
5 Series,2021,Asia,Black,Diesel,3.5,133836,38861,9087,High
3 Series,2013,Asia,Silver,Hybrid,4.2,10678,33086,5817,Low
X1,2023,Asia,White,Hybrid,3.4,84606,89868,3445,Low
X5,2023,Asia,Silver,Electric,1.9,34635,87087,3372,Low
i8,2020,North America,Blue,Electric,4.3,191305,70057,7327,High
X3,2019,Middle East,Grey,Electric,4.2,17934,111173,808,Low
X1,2016,Middle East,Blue,Diesel,4.4,157249,56309,3076,Low
X1,2021,North America,Grey,Petrol,2.2,184417,76909,6636,Low
7 Series,2018,Asia,Red,Hybrid,2.5,31798,58752,3606,Low
i8,2016,North America,Blue,Hybrid,2.5,145112,82447,1206,Low
X1,2023,Asia,Silver,Petrol,3.3,66862,80705,7058,High
i8,2010,South America,Red,Hybrid,2,49903,92666,9368,High
7 Series,2010,Asia,White,Petrol,2.8,28668,65268,2069,Low
i8,2018,Asia,Red,Petrol,2.1,61031,116846,6121,Low
X6,2020,South America,Blue,Diesel,2.4,135437,114860,9792,High
X5,2023,North America,Blue,Hybrid,4,83959,43850,9612,High
7 Series,2018,Africa,Silver,Electric,4.5,198286,96859,8022,High
X6,2013,Asia,Red,Petrol,1.6,74914,107293,3205,Low
M5,2022,North America,Black,Petrol,3.5,56293,58700,249,Low
X3,2018,Africa,Silver,Hybrid,1.6,60574,62253,7350,High
X1,2012,North America,Black,Electric,1.8,80289,100980,3581,Low
M5,2016,North America,Silver,Electric,4,67272,78120,381,Low
M5,2015,North America,White,Petrol,4.1,54534,94839,3880,Low
3 Series,2017,North America,Blue,Petrol,4.3,86002,100678,2815,Low
5 Series,2020,Europe,Blue,Diesel,3.2,165669,38170,9239,High
X1,2018,Africa,White,Petrol,4.5,104441,79035,1036,Low
3 Series,2023,South America,White,Petrol,2.1,190846,56836,5315,Low
M3,2014,Africa,Black,Hybrid,2.4,180096,33093,2976,Low
X3,2010,North America,Black,Electric,2,191879,50319,1311,Low
X1,2012,Africa,White,Electric,4.3,185093,108905,5952,Low
i8,2019,Africa,Silver,Hybrid,2.3,187214,31212,3778,Low
3 Series,2021,South America,Black,Electric,2,162323,72641,4298,Low
5 Series,2017,Europe,Silver,Electric,3.7,69712,82957,8127,High
M3,2024,Africa,White,Hybrid,1.8,2655,91248,8772,High
X3,2020,Asia,Silver,Hybrid,1.7,66746,113110,3430,Low
i3,2015,Asia,Red,Diesel,1.9,90245,34249,8483,High
7 Series,2017,North America,White,Hybrid,1.5,7334,77120,6825,Low
X1,2018,Asia,Black,Hybrid,3.9,13275,79969,9134,High
X1,2013,South America,Blue,Hybrid,3.5,128136,101839,125,Low
X5,2010,Africa,Black,Diesel,2.2,187108,105887,5236,Low
X5,2023,South America,White,Diesel,2.3,162977,31112,2466,Low
7 Series,2010,South America,Black,Petrol,4.3,52940,51743,4350,Low
X1,2019,Europe,White,Hybrid,3.3,106294,102607,7920,High
i8,2013,Europe,Red,Diesel,3.9,106314,113159,113,Low
M3,2021,Asia,Blue,Diesel,3.1,139850,34852,2275,Low
7 Series,2023,Asia,Blue,Diesel,2.3,52061,96938,1714,Low
X5,2016,North America,White,Petrol,4.9,88027,103663,9847,High
3 Series,2011,Asia,Blue,Diesel,3.5,196822,74108,4182,Low
M5,2012,Asia,Black,Electric,2,65212,48461,3244,Low
X3,2010,Middle East,Red,Diesel,2.9,35130,113525,6461,Low
M3,2014,Europe,Blue,Hybrid,2.7,129742,111245,9520,High
X3,2010,South America,Blue,Electric,2.2,73482,61329,4579,Low
X5,2017,Africa,Silver,Petrol,4.8,32268,68638,7530,High
X5,2010,North America,Grey,Diesel,4.6,53211,116928,9850,High
M3,2020,South America,Grey,Petrol,2.2,154481,100103,9122,High
7 Series,2010,South America,Silver,Hybrid,2.7,147526,35576,1916,Low
X1,2011,South America,Blue,Diesel,4.2,183658,52709,3813,Low
i3,2011,North America,Grey,Electric,2.2,131725,73410,6205,Low
M5,2021,South America,Black,Electric,3.6,50949,40782,6688,Low
i3,2015,Europe,Grey,Electric,3.9,20717,79002,1402,Low
5 Series,2016,Middle East,Silver,Petrol,3.8,135036,38344,8273,High
M3,2014,Europe,White,Petrol,4,29746,103056,7577,High
M3,2010,Europe,Black,Hybrid,4,87426,60458,9098,High
M5,2010,Europe,Red,Diesel,4.9,28560,32486,4427,Low
X5,2012,North America,White,Diesel,2.7,68627,65633,9311,High
3 Series,2023,Africa,Black,Petrol,4.6,95366,101460,3182,Low
i3,2011,Africa,White,Diesel,1.6,97680,115240,5797,Low
X3,2014,Africa,Red,Diesel,2.5,198457,114845,577,Low
i3,2021,Europe,White,Hybrid,1.7,129001,105938,3288,Low
X3,2019,South America,Red,Electric,3.8,171481,42383,7041,High
i8,2015,Africa,Red,Diesel,1.9,60913,43439,5284,Low
i8,2016,Europe,Blue,Petrol,4.5,191604,59627,9454,High
5 Series,2013,Asia,Blue,Hybrid,3.8,45722,74501,6935,Low
M3,2016,Middle East,Blue,Electric,1.6,38412,81786,5058,Low
3 Series,2020,South America,Grey,Diesel,4,175591,64007,7793,High
M3,2017,North America,Silver,Petrol,4.5,164356,36497,2353,Low
X6,2020,Asia,Black,Hybrid,3.8,45712,90061,4643,Low
X1,2010,Africa,Grey,Diesel,1.6,100516,49598,1252,Low
i3,2024,South America,White,Hybrid,4.5,57231,47994,1675,Low
M5,2015,Asia,White,Petrol,4.1,95889,52950,6177,Low
M5,2017,Middle East,Grey,Diesel,2.8,55643,96914,4669,Low
i3,2014,South America,Grey,Diesel,2.7,22417,98122,5178,Low
M5,2013,Asia,Silver,Diesel,3.2,193534,70907,8254,High
M3,2011,South America,Grey,Petrol,4.5,137855,96941,6712,Low
i8,2015,Asia,Black,Hybrid,2.4,6365,30074,2845,Low
M3,2015,North America,Grey,Electric,1.9,167647,88780,4997,Low
3 Series,2020,Middle East,Red,Petrol,4.5,105037,73453,7286,High
i3,2024,South America,Blue,Hybrid,1.6,128016,107658,9124,High
X6,2010,Europe,White,Hybrid,4.7,7762,61914,5045,Low
X6,2018,South America,Grey,Diesel,2.6,40764,116735,4709,Low
i3,2021,Europe,Silver,Hybrid,3.3,24238,111742,1482,Low
M5,2020,Africa,Grey,Petrol,2,195911,64700,3134,Low
X3,2015,Middle East,Grey,Diesel,4.7,134039,70672,6856,Low
3 Series,2022,Middle East,Silver,Petrol,4.1,116572,47284,3730,Low
M3,2012,Europe,White,Diesel,4.7,194359,93837,8190,High
7 Series,2013,Africa,Red,Diesel,3.9,143864,74401,9067,High
3 Series,2021,South America,Grey,Hybrid,2.1,37246,112265,5726,Low
7 Series,2020,Asia,White,Petrol,2.6,188234,71570,3284,Low
i8,2013,Europe,White,Hybrid,3.2,110079,70118,7254,High
i3,2012,Middle East,Silver,Petrol,3.6,53579,80919,2377,Low
M5,2019,Asia,Blue,Hybrid,4.7,164678,49840,1883,Low
3 Series,2012,South America,Silver,Petrol,2.8,137794,99478,520,Low
X1,2024,Europe,Grey,Diesel,4,87263,71666,8913,High
i3,2012,Africa,Red,Diesel,4.9,86785,99512,2353,Low
X3,2013,South America,Grey,Petrol,2,156944,55881,6169,Low
M5,2016,Africa,White,Diesel,4.5,39593,109963,113,Low
X5,2013,Europe,White,Diesel,3,162617,79299,2353,Low
i3,2018,Africa,Blue,Diesel,4.1,180348,46141,8132,High
X1,2010,Europe,Silver,Electric,2.5,97558,101553,1718,Low
3 Series,2017,Africa,Silver,Diesel,2.7,124960,115369,5481,Low
X6,2016,Europe,Black,Electric,1.6,28972,89763,7436,High
X5,2011,Europe,Blue,Petrol,4.9,141616,117994,6327,Low
i3,2017,Asia,Black,Diesel,4.3,42089,99138,5415,Low
X5,2010,North America,Silver,Diesel,1.8,102510,107741,2737,Low
X1,2020,Europe,Grey,Petrol,5,64144,39207,4488,Low
5 Series,2021,North America,Blue,Hybrid,3.6,166252,52030,1849,Low
X5,2018,Asia,Black,Petrol,4.5,106246,72271,6300,Low
X1,2018,Europe,Black,Petrol,1.7,25059,42749,3108,Low
M3,2011,Africa,White,Hybrid,2.9,49603,80312,2792,Low
i3,2016,Middle East,Black,Hybrid,3.8,134173,89891,3901,Low
i3,2024,Asia,Red,Petrol,1.9,42153,62609,897,Low
i3,2023,Europe,Grey,Hybrid,3.2,136858,54036,3108,Low
X6,2019,Africa,Grey,Hybrid,3,199006,116494,9003,High
3 Series,2012,Africa,Red,Electric,2.3,190156,116827,9454,High
X6,2016,Africa,Grey,Petrol,2.6,160714,115705,7064,High
5 Series,2021,North America,White,Petrol,4.9,128242,51552,4585,Low
7 Series,2019,North America,Silver,Hybrid,2.5,40052,32230,4515,Low
i8,2018,Asia,Grey,Petrol,2.2,126505,92606,9586,High
i8,2013,Middle East,Silver,Hybrid,3.4,149450,97301,9597,High
i8,2021,Africa,Black,Diesel,3.8,164473,102381,9156,High
5 Series,2010,South America,Red,Electric,4,9951,39129,8440,High
3 Series,2011,North America,Grey,Hybrid,4.1,146359,105042,2463,Low
i8,2010,South America,Red,Diesel,1.6,76908,48463,3398,Low
X6,2023,South America,Grey,Petrol,2.9,167411,94959,8066,High
X5,2021,Asia,Silver,Diesel,4.2,48241,106595,5829,Low
X3,2014,Middle East,White,Petrol,4.7,95070,83106,6254,Low
7 Series,2014,North America,Silver,Electric,3.6,182618,116107,7608,High
X3,2020,South America,Silver,Hybrid,1.7,158566,114790,2156,Low
i8,2016,South America,Red,Hybrid,2.9,32573,42409,5098,Low
X1,2018,Asia,Blue,Diesel,1.8,138433,112394,5095,Low
7 Series,2018,North America,White,Diesel,4.1,30215,40062,305,Low
i8,2012,Europe,Blue,Electric,1.7,67114,68714,5960,Low
3 Series,2012,Europe,Blue,Diesel,2.2,154736,78565,3990,Low
5 Series,2012,Middle East,Blue,Electric,3,121611,76420,6844,Low
M3,2013,Middle East,White,Petrol,3.1,74067,67269,2781,Low
X5,2017,Africa,Blue,Hybrid,2.9,110631,110049,1386,Low
3 Series,2015,North America,Blue,Petrol,3.1,187396,71905,7571,High
i3,2017,South America,Grey,Petrol,4,174519,31948,5863,Low
X6,2010,North America,Blue,Petrol,2.8,36327,66518,7163,High
3 Series,2017,South America,Silver,Electric,3.4,144332,102814,5037,Low
5 Series,2013,Middle East,Grey,Electric,2.6,163437,69488,8943,High
i8,2020,Asia,White,Hybrid,2.7,111872,34401,288,Low
X1,2010,North America,Red,Hybrid,3.6,4768,35905,5184,Low
X3,2017,Europe,Red,Electric,3.2,84155,70778,8167,High
X6,2013,South America,Red,Petrol,4,142408,60324,2195,Low
X1,2015,Middle East,Silver,Hybrid,3.5,117990,58708,3657,Low
M5,2017,South America,Silver,Diesel,4.3,57377,91637,9121,High
i8,2013,Africa,Silver,Petrol,3.1,136263,116643,4751,Low
X1,2023,Europe,Silver,Diesel,3.2,112416,53115,874,Low
3 Series,2012,North America,White,Hybrid,3.8,110051,82258,9890,High
7 Series,2023,South America,Black,Electric,2.3,179767,47128,7301,High
X5,2018,Europe,Silver,Diesel,2.9,124134,37111,4242,Low
M5,2012,Europe,Black,Petrol,3.7,124564,119792,3324,Low
X5,2018,Africa,Black,Electric,1.6,6634,67794,9284,High
i3,2022,North America,Black,Hybrid,3,81603,115537,5387,Low
X6,2011,Africa,Red,Hybrid,3.6,97667,81625,3309,Low
7 Series,2023,Europe,Black,Diesel,4.9,109291,30463,7111,High
M3,2011,Middle East,Black,Diesel,4.6,106672,101785,1625,Low
M5,2011,Africa,Red,Petrol,2.5,41594,93495,489,Low
i3,2015,Asia,White,Hybrid,3.3,95364,91829,7118,High
M5,2012,Middle East,Red,Diesel,1.7,71227,114903,8924,High
X1,2022,South America,Black,Petrol,2.3,26767,117363,642,Low
i3,2018,Africa,White,Hybrid,4.2,27979,95982,4366,Low
M5,2013,Asia,White,Petrol,1.9,170073,81725,1404,Low
X5,2010,Africa,White,Hybrid,2.4,23577,62344,8358,High
3 Series,2013,South America,Blue,Electric,4.8,121155,35561,3816,Low
X1,2010,North America,Black,Diesel,4.4,148730,59157,9680,High
M3,2023,South America,Grey,Hybrid,4.2,80410,55419,7109,High
X3,2014,South America,Silver,Petrol,4.5,35380,84387,6211,Low
X6,2013,South America,White,Electric,4.1,183126,36457,1866,Low
X5,2017,Europe,Silver,Electric,1.9,5204,32190,143,Low
X5,2017,South America,Black,Hybrid,3.3,42159,85852,5802,Low
X3,2016,Asia,Grey,Petrol,3.1,143652,93537,5924,Low
X6,2012,South America,Grey,Diesel,2.6,186337,56075,9184,High
i3,2010,Asia,White,Petrol,4.4,25644,33486,4936,Low
5 Series,2010,Africa,Grey,Electric,3.1,127690,74267,2849,Low
5 Series,2021,Asia,White,Electric,1.7,21122,112462,5903,Low
i8,2020,South America,White,Hybrid,2.5,59781,62084,4541,Low
i3,2012,Europe,Black,Hybrid,2.3,183685,119952,9131,High
7 Series,2015,Europe,Grey,Diesel,4.6,126540,33593,3220,Low
7 Series,2016,Africa,Red,Diesel,3.8,92316,85617,1909,Low
X3,2015,Asia,Grey,Diesel,3.5,6304,45543,6657,Low
X6,2023,Europe,White,Hybrid,3.3,54800,100512,9966,High
X5,2023,South America,Grey,Petrol,3.8,51128,94088,2930,Low
i8,2015,Middle East,Silver,Electric,4.1,86794,39377,9525,High
X1,2015,Africa,Silver,Hybrid,3.4,15994,41990,8543,High
i8,2022,Africa,Black,Diesel,4.8,89921,41946,2452,Low
X3,2012,Middle East,Silver,Hybrid,4.9,110369,40370,6148,Low
3 Series,2015,Africa,Red,Electric,5,69854,58429,8981,High
X3,2017,North America,Silver,Petrol,3.8,113551,30284,241,Low
3 Series,2020,Middle East,Red,Petrol,4.8,159467,76201,5760,Low
M3,2020,North America,Red,Hybrid,2.9,180136,59712,6726,Low
X6,2011,North America,Black,Diesel,4.5,109348,85468,8241,High
i8,2014,Middle East,White,Diesel,4.7,144533,82911,4321,Low
X6,2023,Asia,Red,Diesel,4.7,32173,54649,6736,Low
5 Series,2010,Africa,Black,Diesel,4.4,102278,35915,9841,High
M3,2021,Middle East,White,Hybrid,2.9,162609,54134,904,Low
M5,2024,Middle East,White,Hybrid,2.1,43892,84569,4431,Low
7 Series,2010,Africa,Blue,Diesel,2.7,185870,92721,7521,High
5 Series,2014,South America,Black,Diesel,4.2,134531,87621,4611,Low
5 Series,2021,North America,Blue,Hybrid,2.3,194391,76581,6866,Low
3 Series,2022,Middle East,Silver,Hybrid,3.2,118028,63248,8095,High
i3,2012,Middle East,Red,Diesel,3.5,155164,118934,1818,Low
i3,2013,North America,Red,Electric,3.6,167951,104651,1054,Low
3 Series,2012,South America,Red,Hybrid,4.8,135680,93319,3307,Low
M3,2010,Middle East,Grey,Petrol,3.8,20833,30946,6000,Low
X5,2010,Africa,Black,Diesel,4.3,169423,45093,7103,High
M5,2021,North America,Silver,Diesel,3.5,52191,66769,1942,Low
5 Series,2021,Europe,Black,Electric,4.4,82062,84946,2018,Low
5 Series,2023,South America,Red,Petrol,2.4,181200,46751,5122,Low
X1,2022,Africa,Blue,Hybrid,2.2,16720,41380,2118,Low
M3,2023,North America,Silver,Hybrid,4.7,26402,35130,9240,High
i3,2014,South America,Red,Diesel,3.9,185012,74147,8800,High
i8,2015,Europe,Grey,Electric,3.9,137116,71187,3942,Low
M3,2012,Europe,Red,Electric,3.1,125303,36190,6344,Low
M3,2021,South America,Grey,Diesel,2.8,72907,31385,634,Low
5 Series,2018,South America,Blue,Diesel,3.4,96313,48896,398,Low
X6,2014,Asia,Black,Electric,1.9,114324,111758,7978,High
X3,2017,Europe,Red,Electric,3.1,37926,112367,6565,Low
X3,2022,South America,Blue,Diesel,3.1,1536,42468,9374,High
i8,2010,North America,Blue,Hybrid,3.4,58700,94124,2613,Low
7 Series,2023,South America,Grey,Diesel,3.7,33111,102861,5453,Low
3 Series,2014,Middle East,Grey,Diesel,4.9,154711,76421,867,Low
i8,2024,Africa,White,Petrol,3.8,145740,97980,6665,Low
X6,2012,Africa,Black,Hybrid,4.6,17763,53320,101,Low
i8,2021,South America,Grey,Diesel,3.4,158596,31016,4938,Low
X1,2010,Africa,Red,Electric,3.7,70582,32634,5754,Low
5 Series,2013,Africa,Grey,Petrol,1.7,164685,82139,1560,Low
M5,2024,South America,Blue,Petrol,2,32207,35232,4545,Low
i8,2022,Middle East,Black,Hybrid,3.5,36421,117586,5532,Low
M5,2014,Africa,Blue,Petrol,2.9,109953,90079,6074,Low
3 Series,2016,Africa,Silver,Hybrid,4.3,45420,55483,9417,High
7 Series,2010,South America,Blue,Hybrid,3.4,169022,110072,3588,Low
X3,2012,South America,Red,Diesel,4.6,71247,46723,1251,Low
X1,2011,Asia,Grey,Electric,4.9,133987,98433,9105,High
X5,2018,Africa,Silver,Diesel,2,54511,52655,7876,High
X1,2019,Asia,Black,Electric,2.9,190036,58531,7317,High
X6,2024,Middle East,White,Electric,3.8,11344,113647,1983,Low
M5,2015,Middle East,Grey,Petrol,2.6,166487,112693,5817,Low
5 Series,2019,Middle East,Silver,Petrol,2.4,121797,100148,7231,High
M5,2012,Asia,Grey,Hybrid,4.3,124001,82901,222,Low
i3,2017,Europe,Grey,Diesel,4.9,40442,67998,7313,High
i3,2023,Middle East,Black,Electric,4.2,2005,41659,1786,Low
7 Series,2017,North America,Black,Hybrid,3.3,194029,43238,8514,High
X6,2011,South America,Blue,Petrol,3,169730,86385,9968,High
X5,2024,Europe,Blue,Petrol,3.4,82598,113709,8047,High
i8,2015,South America,Red,Petrol,3.1,182742,80754,5839,Low
X3,2016,South America,Red,Hybrid,3.3,26890,60361,1339,Low
X3,2011,Middle East,Grey,Hybrid,2.2,59103,46517,9462,High
X3,2024,Europe,Red,Electric,4.7,1390,119117,7270,High
i8,2020,North America,Red,Diesel,4.1,5405,108815,2879,Low
3 Series,2019,South America,Black,Hybrid,3.9,42467,102968,2165,Low
X6,2011,Africa,White,Diesel,4.8,35394,102034,4455,Low
X5,2019,Europe,Blue,Hybrid,2.5,36527,84856,2035,Low
i3,2010,Europe,Red,Petrol,1.8,126567,46702,7510,High
3 Series,2017,North America,Red,Electric,4.4,3879,49819,9025,High
X1,2010,Africa,Black,Diesel,5,37731,33141,5113,Low
X5,2018,Europe,Blue,Petrol,3.5,31445,62226,7616,High
3 Series,2020,South America,Silver,Diesel,1.7,176625,117171,6688,Low
3 Series,2015,North America,White,Hybrid,4.2,154571,54989,9390,High
5 Series,2016,North America,White,Electric,1.8,28199,54748,3539,Low
7 Series,2022,Asia,Black,Electric,3.4,157901,51785,7315,High
X3,2019,Africa,Black,Hybrid,2.5,114886,70265,9879,High
X6,2016,Europe,Black,Petrol,4.7,10561,63605,8533,High
M3,2019,Africa,White,Hybrid,3.1,108903,58185,335,Low
i8,2012,Middle East,Red,Electric,4.6,144778,108406,993,Low
i8,2011,North America,Silver,Diesel,2.5,129520,38071,8143,High
7 Series,2018,Europe,Silver,Hybrid,2.9,16841,75628,8340,High
M3,2017,Africa,Silver,Hybrid,4.8,183782,100693,6324,Low
7 Series,2022,North America,Grey,Electric,2.2,91013,89453,7795,High
7 Series,2021,Africa,Silver,Diesel,3.5,175240,82064,9362,High
i8,2019,North America,White,Petrol,2.9,122500,96319,9080,High
7 Series,2016,Middle East,Silver,Hybrid,4.2,179716,78386,1274,Low
7 Series,2018,Africa,Red,Electric,2,176437,77426,2167,Low
X3,2013,Africa,Black,Electric,3,159170,119954,6751,Low
7 Series,2022,North America,Grey,Electric,3.9,166155,64742,7762,High
M5,2013,Africa,Grey,Hybrid,2.9,33669,93884,6440,Low
7 Series,2010,North America,White,Petrol,1.7,56052,99698,992,Low
X6,2017,Africa,White,Electric,4,53449,82740,1329,Low
i8,2023,Africa,Black,Hybrid,3.3,123239,52193,6006,Low
X5,2023,North America,Grey,Diesel,1.5,56918,36116,3195,Low
3 Series,2021,South America,Silver,Electric,3.6,99440,51226,2119,Low
i3,2012,Asia,Black,Petrol,4.7,192413,114851,1342,Low
X3,2016,South America,Red,Electric,1.9,136356,105711,1100,Low
X6,2024,Europe,Silver,Hybrid,3.6,131579,36319,6496,Low
X6,2021,Africa,Grey,Petrol,4.1,192233,32423,844,Low
M3,2011,North America,Red,Electric,1.7,119960,56835,6900,Low
X6,2011,North America,White,Electric,1.6,129451,104447,6145,Low
X5,2016,Africa,Grey,Diesel,3.1,13371,105070,4284,Low
X5,2024,Middle East,White,Hybrid,4.3,78733,75419,5961,Low
X1,2015,Asia,Grey,Diesel,2.1,199235,84022,1194,Low
i3,2012,Asia,Grey,Electric,4.4,25251,87697,4050,Low
X5,2018,Middle East,Red,Electric,3.8,50183,75390,8038,High
X5,2019,Middle East,Red,Hybrid,2.7,148760,93236,2693,Low
X5,2024,Africa,White,Petrol,3.3,93603,72936,2487,Low
M5,2023,South America,Silver,Diesel,4.9,140914,34553,6549,Low
3 Series,2022,Asia,Blue,Electric,2.3,34532,90267,6372,Low
i8,2015,Middle East,Grey,Electric,3.2,82478,80247,9537,High
i3,2019,Middle East,Grey,Diesel,3.7,183985,107396,9192,High
X5,2019,Asia,Red,Electric,2,15812,76124,4646,Low
3 Series,2015,North America,Blue,Electric,1.7,25425,119970,5377,Low
X3,2010,North America,Red,Electric,1.5,40927,62008,7502,High
M5,2013,Africa,Blue,Petrol,2.6,133161,36902,7598,High
5 Series,2019,Africa,Grey,Diesel,1.8,194310,42650,1268,Low
X1,2015,North America,Silver,Diesel,4.3,90089,103531,4441,Low
5 Series,2024,Europe,Red,Electric,5,40963,46019,8074,High
3 Series,2015,Europe,Silver,Electric,1.7,110901,83776,3673,Low
i8,2020,Europe,Red,Diesel,3,93800,94038,5816,Low
X6,2021,Asia,Red,Hybrid,1.6,13086,36462,7133,High
X3,2014,Europe,Red,Electric,2,37967,64069,4747,Low
X5,2010,North America,Black,Petrol,2.6,14396,60636,2341,Low
X6,2017,North America,Silver,Hybrid,2.9,117113,74150,4425,Low
5 Series,2014,Africa,White,Electric,4.8,58754,110517,3292,Low
X6,2021,Asia,White,Hybrid,2.9,9134,45607,556,Low
M5,2021,North America,Black,Electric,3.2,130480,52081,3272,Low
X3,2021,Europe,Silver,Electric,2.4,64002,116500,348,Low
X5,2014,Middle East,Silver,Hybrid,1.5,149506,30135,9888,High
i3,2016,Europe,Silver,Hybrid,4.6,33244,116918,2095,Low
X1,2013,Africa,Grey,Diesel,1.8,105554,49663,7193,High
M3,2015,Africa,Black,Hybrid,4.9,179971,59889,8335,High
3 Series,2022,Africa,White,Electric,2,28730,101189,8196,High
i8,2013,Middle East,Grey,Diesel,3.6,39970,92250,6734,Low
M5,2023,Europe,Grey,Hybrid,5,16692,99296,5943,Low
X5,2024,Europe,Black,Electric,2,9615,66166,5997,Low
3 Series,2012,South America,Red,Hybrid,3,122231,92873,5227,Low
M3,2016,South America,White,Diesel,4.2,158898,86673,9443,High
X3,2017,Asia,Silver,Diesel,1.6,149657,53093,6010,Low
7 Series,2013,Middle East,Red,Petrol,3.9,119461,109866,9809,High
7 Series,2022,Africa,Black,Electric,1.8,106864,37051,8999,High
X1,2011,South America,Blue,Hybrid,2.3,191856,42968,8538,High
7 Series,2021,Europe,Blue,Diesel,2.1,138657,113426,2659,Low
3 Series,2019,South America,Red,Diesel,4.7,188658,103473,5921,Low
7 Series,2023,Africa,Red,Diesel,2.1,117012,60516,4821,Low
X3,2012,Middle East,White,Hybrid,1.6,123560,58086,1733,Low
X6,2010,Middle East,Black,Petrol,3.6,3514,68930,7739,High
i8,2017,North America,Silver,Petrol,2.7,177410,41756,563,Low
i3,2024,North America,Black,Diesel,2.9,108780,42697,8838,High
5 Series,2012,Africa,Blue,Electric,1.9,117047,35004,2434,Low
X6,2021,Europe,White,Hybrid,4.1,57533,85638,3739,Low
X6,2019,Middle East,Blue,Electric,3.6,179601,94664,1678,Low
i3,2016,North America,Grey,Petrol,2.8,107224,108265,9521,High
X6,2019,South America,Red,Electric,2.1,111839,73514,2768,Low
X1,2014,Middle East,Black,Petrol,3.6,136787,64990,2399,Low
5 Series,2019,Middle East,Blue,Hybrid,4.2,98318,108742,9219,High
i3,2014,South America,Blue,Petrol,2.6,85185,114354,7868,High
M5,2023,South America,Black,Hybrid,1.6,172797,73954,5084,Low
i8,2016,Middle East,White,Electric,2.3,110324,105341,3727,Low
3 Series,2024,Africa,Red,Diesel,3.9,29725,119038,7491,High
X3,2018,South America,Red,Petrol,5,61899,91730,9606,High
M3,2021,Africa,Blue,Petrol,1.5,11430,109949,6188,Low
3 Series,2014,Africa,Blue,Electric,2.6,197439,60352,3348,Low
5 Series,2010,Africa,Grey,Diesel,1.7,195818,96809,184,Low
X3,2019,Asia,Grey,Diesel,2.6,85688,36661,9954,High
X5,2019,North America,Silver,Electric,2.9,20462,88937,3605,Low
X3,2010,Middle East,Red,Diesel,4.7,10558,115843,5457,Low
X3,2024,Europe,Black,Diesel,1.8,185671,93151,4711,Low
i3,2011,Middle East,Silver,Electric,4.2,172246,61625,3251,Low
7 Series,2023,North America,Black,Electric,2.9,183830,97853,4886,Low
7 Series,2015,Africa,White,Electric,4.3,122871,42186,1241,Low
X3,2018,Africa,Black,Petrol,3.3,158539,88307,4847,Low
3 Series,2017,Europe,Black,Diesel,1.6,153861,79362,9762,High
X1,2022,North America,Silver,Diesel,4.8,142009,55139,2255,Low
X3,2014,Africa,Red,Diesel,1.8,116237,41969,1244,Low
X1,2010,Europe,Blue,Petrol,3.6,126235,59752,8657,High
M5,2022,Middle East,Blue,Petrol,4.6,53187,81354,784,Low
M3,2016,North America,Blue,Hybrid,1.8,195192,119134,6570,Low
7 Series,2024,Asia,Red,Hybrid,3.4,83608,113671,5644,Low
7 Series,2014,South America,Red,Hybrid,4.4,69018,75481,4908,Low
i8,2015,Middle East,White,Hybrid,5,123323,103534,2717,Low
i3,2022,South America,White,Diesel,4,136323,35945,4643,Low
M5,2016,North America,White,Petrol,2.5,145948,45297,2447,Low
X3,2012,Middle East,Silver,Diesel,3.9,186088,83549,2331,Low
X6,2021,Africa,White,Diesel,4,60014,51230,9313,High
i8,2019,Europe,Red,Electric,3.9,128625,107973,8455,High
5 Series,2012,Europe,Black,Electric,4.5,36826,106372,3803,Low
i3,2014,Asia,Black,Diesel,1.8,190726,100453,3316,Low
M5,2015,South America,Silver,Petrol,1.9,32159,92285,6560,Low
3 Series,2018,Africa,Red,Electric,3.7,27967,95875,6984,Low
X3,2022,Europe,Silver,Hybrid,4.8,165231,72593,4877,Low
3 Series,2023,Asia,Red,Diesel,3.1,39466,101930,4570,Low
M5,2021,Asia,White,Electric,4.9,78179,70403,7365,High
X5,2014,Europe,Grey,Hybrid,4.8,187195,41296,7699,High
X1,2024,South America,Silver,Petrol,4.7,160411,76189,1131,Low
i8,2010,Europe,White,Petrol,4.7,165927,114137,923,Low
X1,2023,Africa,White,Hybrid,4.6,136514,94933,4533,Low
M3,2023,Africa,White,Electric,4.4,35796,45975,2999,Low
X3,2023,North America,Blue,Hybrid,3.9,162596,89574,7612,High
X1,2013,Middle East,Silver,Electric,1.6,78178,101679,3344,Low
5 Series,2014,North America,Grey,Hybrid,2,102714,32116,1782,Low
M3,2021,Africa,White,Hybrid,2,1811,56208,8578,High
i3,2019,South America,White,Electric,1.6,151998,110953,6928,Low
5 Series,2019,Africa,White,Electric,1.9,142024,30432,2607,Low
X5,2014,Asia,White,Diesel,4.7,106658,47201,8051,High
X6,2016,Middle East,Red,Petrol,3.8,151865,74845,8291,High
i8,2013,Asia,Black,Diesel,2.6,121993,60810,2862,Low
M3,2010,South America,Blue,Petrol,4.3,191728,54325,9996,High
M5,2023,Middle East,Grey,Electric,3.2,177722,90483,8800,High
X5,2023,Africa,Red,Diesel,2,74612,63767,1602,Low
M3,2014,Asia,Grey,Electric,4.6,133780,88568,7632,High
X6,2016,South America,Blue,Diesel,2.7,165162,63342,3124,Low
X1,2019,Africa,Grey,Electric,3.9,81128,67337,6335,Low
3 Series,2019,Middle East,Silver,Electric,2.5,161578,54124,7781,High
i3,2015,South America,Silver,Electric,3.3,26839,54215,393,Low
M3,2014,Middle East,Black,Petrol,4.4,71014,106337,5749,Low
i8,2013,Asia,White,Electric,2,100480,113894,3656,Low
M3,2011,Africa,White,Electric,4.9,119981,95058,1840,Low
i3,2013,Asia,Red,Electric,1.7,160894,95155,7603,High
5 Series,2024,Europe,Grey,Hybrid,3.4,81770,62997,2680,Low
X1,2019,Africa,Red,Petrol,4.7,91038,99809,4751,Low
5 Series,2019,Asia,Red,Hybrid,4.8,2622,113545,2723,Low
M5,2012,North America,Grey,Electric,2.3,157101,35561,3859,Low
M5,2019,Europe,Black,Diesel,2,128785,67632,7227,High
M3,2010,Africa,Red,Electric,4,15805,45507,1697,Low
X3,2017,North America,Black,Hybrid,1.6,192794,98338,2964,Low
X5,2014,North America,Red,Petrol,3.2,112616,65146,7877,High
i3,2022,Africa,Red,Hybrid,4.3,158763,39371,8106,High
X5,2013,South America,Grey,Petrol,3.5,149677,95650,3481,Low
7 Series,2017,North America,Red,Electric,2.2,154172,95673,9015,High
X6,2016,Middle East,Silver,Petrol,3.2,160994,36529,4747,Low
M3,2011,South America,Black,Electric,4.7,101736,37291,2791,Low
i3,2010,Europe,Blue,Hybrid,3.7,101647,96374,8225,High
X5,2021,South America,Grey,Petrol,4,184282,65453,7674,High
X6,2020,Middle East,Grey,Petrol,2.7,162403,40976,9924,High
X1,2013,Middle East,White,Electric,2.2,54388,96502,423,Low
X1,2017,North America,Red,Diesel,2.4,184511,77086,9589,High
i8,2021,Europe,Grey,Electric,3.4,157823,114472,2087,Low
i8,2011,Asia,White,Hybrid,2.5,62983,93444,6870,Low
i3,2012,Middle East,White,Petrol,3.4,124343,47777,2316,Low
5 Series,2021,Middle East,Red,Diesel,4,106679,97853,1474,Low
3 Series,2010,Africa,Red,Diesel,4.1,123015,105114,8248,High
i8,2010,Asia,White,Electric,2.1,71119,59940,9535,High
7 Series,2022,Africa,Black,Diesel,4.1,56534,95164,9770,High
X6,2012,Europe,Black,Diesel,3.9,131425,67268,1689,Low
i8,2020,Africa,White,Electric,1.5,78999,107597,7217,High
M5,2014,Europe,Silver,Diesel,1.7,134005,44431,7143,High
3 Series,2021,South America,White,Hybrid,3.8,192532,33634,1187,Low
X5,2012,Middle East,White,Diesel,2.8,130556,88294,9092,High
X6,2010,South America,Silver,Petrol,2,45708,43547,6936,Low
X5,2010,Asia,Black,Diesel,1.7,140291,61697,9927,High
i3,2017,Asia,Black,Electric,2.1,161500,83062,4684,Low
X3,2019,Europe,Red,Petrol,4.9,14205,32033,7801,High
M5,2020,Europe,Grey,Hybrid,4,182203,98363,9468,High
X6,2021,Europe,Blue,Hybrid,3.3,184003,80549,5976,Low
M5,2022,South America,White,Petrol,4.8,151188,101717,8168,High
X6,2022,North America,White,Hybrid,3.7,172961,36829,7453,High
X6,2021,South America,Silver,Electric,4,21576,58399,1110,Low
7 Series,2024,North America,Blue,Diesel,2.5,88984,94328,9831,High
i3,2023,North America,Blue,Electric,3.6,11604,104168,1755,Low
i3,2011,Middle East,Blue,Petrol,2,139395,82166,8969,High
i8,2022,Asia,White,Diesel,2.9,174399,61129,1923,Low
5 Series,2012,Asia,Blue,Petrol,1.6,33615,53341,3208,Low
i3,2011,North America,Red,Diesel,2.3,145432,90524,9651,High
X5,2012,North America,Red,Hybrid,1.8,19879,119903,3241,Low
X3,2016,Asia,Grey,Diesel,2.9,37382,97089,4428,Low
X1,2010,Middle East,Grey,Diesel,4.5,26493,107374,6025,Low
X3,2019,South America,White,Hybrid,2.8,13828,68456,2003,Low
3 Series,2017,South America,Black,Electric,4.4,36647,45078,889,Low
5 Series,2022,North America,Grey,Hybrid,3.8,121263,78058,7928,High
X3,2019,Africa,Black,Petrol,3.3,67674,93953,3640,Low
X1,2019,North America,Blue,Petrol,2.3,131057,65133,7081,High
i8,2019,South America,White,Petrol,4.7,69371,31709,6458,Low
M3,2023,Europe,Red,Petrol,1.7,159433,83009,215,Low
X6,2011,Asia,Red,Hybrid,3.9,53224,116905,371,Low
5 Series,2012,North America,Red,Electric,3.7,121730,39556,8864,High
X5,2018,South America,Red,Electric,3,29294,112830,2768,Low
5 Series,2016,Asia,Blue,Petrol,2.3,113868,113702,6803,Low
7 Series,2013,Europe,Grey,Diesel,3,64985,80565,1887,Low
M5,2019,Europe,Blue,Petrol,4.6,124983,114539,5359,Low
7 Series,2014,North America,Red,Hybrid,4.4,165056,117738,6126,Low
M5,2011,Middle East,White,Electric,4.8,158280,98458,5606,Low
M5,2022,Africa,Grey,Petrol,2.6,185369,108495,197,Low
i3,2020,Asia,Black,Electric,2.9,150855,45778,4816,Low
i3,2022,North America,White,Petrol,1.6,157485,94162,1830,Low
5 Series,2017,South America,White,Petrol,4.8,71957,53897,2299,Low
i8,2013,Asia,Black,Diesel,2.7,172965,46246,6281,Low
X6,2018,Europe,White,Electric,2.9,47917,100635,6917,Low
M3,2014,South America,Red,Petrol,4.7,108564,74783,9260,High
7 Series,2022,North America,Black,Diesel,3.3,3023,85017,9775,High
X5,2018,North America,Silver,Electric,3.5,118550,31497,5477,Low
7 Series,2013,North America,Silver,Petrol,2.1,184827,35013,2042,Low
X3,2019,Africa,White,Petrol,3.2,88336,95330,1903,Low
M3,2014,Europe,Red,Petrol,4.7,177247,75199,6032,Low
5 Series,2018,South America,White,Petrol,3.5,117487,74599,370,Low
7 Series,2017,Europe,Silver,Electric,2.4,93249,83021,4500,Low
X3,2012,South America,Silver,Hybrid,1.6,97006,118641,6923,Low
X1,2010,Asia,Red,Diesel,2.7,198600,100180,8350,High
5 Series,2012,South America,Black,Petrol,3.5,13804,44482,4875,Low
X6,2013,South America,Blue,Electric,1.6,172249,86584,5441,Low
i3,2011,Middle East,Red,Electric,3.6,134576,114475,5900,Low
X1,2010,Africa,White,Hybrid,3.3,46370,94337,5174,Low
7 Series,2016,South America,Black,Petrol,4.2,166971,106356,7310,High
i8,2017,Europe,White,Petrol,1.6,187653,56981,3345,Low
5 Series,2016,Africa,Silver,Hybrid,4.2,22952,119557,9478,High
7 Series,2023,Middle East,Grey,Petrol,3.3,138440,107095,8621,High
M5,2014,Middle East,White,Diesel,2.8,46000,103494,796,Low
7 Series,2021,Middle East,Grey,Electric,4.9,121064,109197,789,Low
M3,2010,North America,Grey,Diesel,2.1,192673,65837,8764,High
X5,2016,Africa,Black,Electric,3.4,117486,87403,4619,Low
X6,2022,Africa,Silver,Diesel,2.6,151529,88249,4363,Low
X5,2016,Europe,Grey,Petrol,3.3,121053,65419,3585,Low
M3,2018,Middle East,Blue,Diesel,3.4,66819,41677,8811,High
i3,2012,South America,Grey,Petrol,1.8,180582,61076,6824,Low
X3,2018,North America,Black,Diesel,3.8,51425,95134,1389,Low
3 Series,2023,Middle East,Silver,Hybrid,3.7,80136,62329,2827,Low
M3,2010,South America,Grey,Electric,4.2,18409,72000,7780,High
3 Series,2010,North America,Black,Diesel,1.8,172040,45092,6364,Low
M3,2023,North America,Black,Hybrid,2.5,123160,102305,3627,Low
X1,2013,Africa,Red,Diesel,3.8,149031,91146,1446,Low
7 Series,2018,Middle East,White,Diesel,2,140056,46357,8466,High
3 Series,2015,Europe,Grey,Hybrid,3.9,74034,86015,2231,Low
7 Series,2022,Africa,Silver,Electric,1.7,85880,61089,3003,Low
3 Series,2020,North America,White,Hybrid,2.7,69101,46581,2345,Low
X3,2012,Middle East,White,Diesel,4.5,147898,90928,9037,High
5 Series,2010,Europe,Silver,Petrol,4.2,114337,105608,8257,High
X3,2013,North America,Red,Electric,3.8,24884,111712,4882,Low
X3,2021,Europe,White,Hybrid,4.5,65326,31296,8461,High
i3,2022,Africa,Grey,Petrol,4,103831,41040,9429,High
3 Series,2018,North America,White,Hybrid,3.3,38460,76111,703,Low
X6,2012,Europe,Grey,Diesel,4.9,194801,84285,5711,Low
7 Series,2021,Asia,Grey,Petrol,3.9,22072,118835,5134,Low
X1,2018,Africa,Grey,Hybrid,3.6,110273,58221,3978,Low
M5,2016,Africa,Red,Electric,2.9,177484,52744,4603,Low
i3,2021,North America,Silver,Hybrid,4.7,89491,87082,5177,Low
X6,2023,North America,White,Electric,2.5,100722,104125,2212,Low
X3,2024,Africa,Blue,Hybrid,1.5,84641,111418,3378,Low
X6,2013,Asia,Silver,Petrol,2.2,12341,100299,3667,Low
M3,2012,South America,Silver,Hybrid,1.9,197184,53111,9739,High
3 Series,2019,Africa,Blue,Diesel,2.6,156916,82381,8241,High
X5,2024,South America,Blue,Electric,4.4,199,114283,3120,Low
7 Series,2014,Africa,Grey,Diesel,3.8,186802,96987,4362,Low
i3,2014,Africa,Black,Diesel,2.1,62836,38101,874,Low
X1,2012,Europe,Grey,Petrol,4.3,32552,38185,9361,High
7 Series,2021,South America,Blue,Electric,3.3,25984,60159,592,Low
M5,2018,Asia,White,Petrol,3.3,174744,63716,1871,Low
X6,2013,Asia,Black,Electric,2.8,167664,95762,978,Low
3 Series,2020,South America,Silver,Diesel,4.5,21043,98873,9264,High
X5,2014,Europe,Silver,Petrol,2.6,85840,57668,2823,Low
i3,2013,North America,Grey,Petrol,1.8,101623,80525,6481,Low
7 Series,2014,Middle East,Black,Petrol,2.6,103494,113211,7490,High
M3,2016,Africa,Red,Electric,4,53730,44441,1074,Low
5 Series,2018,Asia,Silver,Electric,3.8,103055,119290,3018,Low
X1,2016,Middle East,Grey,Electric,2.2,188180,115174,8701,High
5 Series,2022,North America,Red,Petrol,1.9,125825,109008,1258,Low
3 Series,2014,South America,Blue,Hybrid,3.8,31044,65616,7858,High
X5,2019,Europe,Silver,Petrol,3.9,73732,99005,6990,Low
X5,2019,Middle East,Grey,Hybrid,2.8,132020,95587,5083,Low
M3,2016,South America,Black,Petrol,4.4,169199,69403,9608,High
3 Series,2023,South America,Blue,Petrol,4.9,97169,66497,307,Low
7 Series,2024,North America,Red,Diesel,2.2,54277,81746,8811,High
M5,2019,Middle East,White,Petrol,3.5,50494,113907,9224,High
i3,2014,South America,Black,Hybrid,1.5,10138,90196,3804,Low
X3,2012,Africa,White,Electric,4,191413,78281,4594,Low
M3,2016,North America,Black,Hybrid,2.9,66974,33594,2417,Low
5 Series,2022,Africa,Blue,Electric,2.2,102335,113697,3810,Low
X6,2020,Europe,Blue,Diesel,4.1,137108,89344,8818,High
M5,2020,South America,Red,Petrol,4.3,169167,92844,8614,High
5 Series,2011,South America,Blue,Electric,1.9,49153,96884,7612,High
5 Series,2024,South America,Silver,Petrol,1.6,110993,55965,2088,Low
7 Series,2021,South America,Silver,Hybrid,2.7,139793,89889,2574,Low
5 Series,2018,South America,White,Electric,3.7,187426,118546,8719,High
7 Series,2019,Asia,Red,Petrol,4.3,179149,78337,4477,Low
M3,2019,North America,Blue,Petrol,3.4,4857,104893,9900,High
M3,2021,Europe,Grey,Diesel,3.5,84049,85372,1724,Low
7 Series,2010,Asia,Black,Electric,4.3,64338,117253,5167,Low
7 Series,2022,Middle East,Red,Electric,3.4,86808,30309,6842,Low
7 Series,2015,Middle East,Red,Diesel,3.6,3554,53556,5962,Low
X3,2016,North America,Silver,Petrol,3.3,97670,35741,5841,Low
7 Series,2023,North America,Silver,Diesel,4.6,9701,92196,8322,High
5 Series,2022,Europe,Silver,Diesel,2.3,111160,113726,7489,High
X3,2017,North America,Silver,Hybrid,2.4,79307,76966,6662,Low
3 Series,2019,Africa,White,Hybrid,1.9,149301,44286,7766,High
7 Series,2018,Europe,Blue,Electric,4.4,93711,71486,789,Low
i8,2011,North America,Red,Diesel,2.9,3475,74501,1068,Low
X3,2020,Middle East,Silver,Petrol,2.7,166020,78675,9153,High
M3,2019,Asia,Red,Petrol,4.9,187708,82112,1457,Low
5 Series,2011,North America,Red,Diesel,4.7,71582,109162,7163,High
X5,2014,Middle East,Black,Electric,4.9,199447,43917,6265,Low
X5,2022,Asia,Silver,Diesel,2,66794,51179,3335,Low
5 Series,2014,Middle East,Blue,Diesel,4.6,47231,48063,4290,Low
7 Series,2015,North America,Silver,Petrol,2.7,48190,76513,9826,High
3 Series,2012,South America,Blue,Petrol,1.5,16727,118687,8639,High
i3,2017,Europe,Red,Electric,2.9,91260,119648,1619,Low
i3,2022,South America,White,Electric,3.3,134766,86577,6215,Low
X1,2010,Middle East,White,Diesel,1.9,101542,101559,5894,Low
X1,2015,Europe,Silver,Petrol,3.4,176923,50570,3300,Low
X1,2013,North America,Black,Electric,4.4,11643,70164,5456,Low
7 Series,2010,Middle East,Red,Petrol,2.8,199290,102260,2200,Low
5 Series,2024,Africa,Grey,Electric,2.7,145156,48139,9319,High
3 Series,2016,Middle East,Red,Petrol,2.7,168974,58521,228,Low
X5,2018,Middle East,Grey,Petrol,4.7,163376,79389,6034,Low
X5,2022,Africa,Red,Diesel,1.7,139011,98740,7050,High
X6,2013,South America,Red,Electric,3.1,78042,35545,2595,Low
5 Series,2013,Europe,Grey,Petrol,2.4,38281,84501,8836,High
X5,2015,North America,Red,Electric,4.6,129916,50937,4686,Low
X5,2021,North America,Black,Hybrid,1.8,72036,36771,2957,Low
i3,2024,South America,Red,Hybrid,2.9,107227,34505,5673,Low
X3,2012,Middle East,White,Diesel,2.9,35115,40694,6713,Low
7 Series,2022,Asia,Red,Diesel,4.6,157516,54273,7965,High
X1,2021,Africa,Black,Hybrid,2.3,196771,68785,8717,High
X1,2015,Middle East,Blue,Petrol,3.8,62335,89768,5239,Low
X3,2016,North America,Silver,Petrol,2,198074,105970,6821,Low
X1,2020,South America,Silver,Petrol,4.8,168607,64501,7138,High
i8,2019,Europe,Black,Hybrid,3.6,136556,78109,5215,Low
X5,2019,Africa,White,Electric,3.7,143332,50442,6154,Low
3 Series,2012,North America,Silver,Petrol,3,40000,79236,9303,High
X3,2016,Middle East,Red,Hybrid,2.7,81599,104110,224,Low
i8,2023,Europe,Black,Electric,2.2,91651,73424,7060,High
X1,2012,South America,Blue,Electric,3.6,128637,76331,6934,Low
M5,2022,North America,White,Electric,4.8,125696,36317,7146,High
i3,2022,North America,Red,Electric,2.8,156881,68479,8925,High
i8,2011,Asia,Silver,Electric,4.6,195288,85282,2967,Low
i3,2021,South America,Blue,Petrol,2,154446,68456,908,Low
3 Series,2023,Asia,White,Petrol,4.8,35496,57092,6245,Low
M5,2019,Middle East,Silver,Diesel,2.7,147752,35732,8092,High
i8,2013,Middle East,Red,Electric,2.8,68617,99825,6709,Low
X1,2021,South America,Silver,Hybrid,3.1,51316,82274,7063,High
X1,2017,South America,Black,Diesel,4,108002,57393,5477,Low
X3,2022,Africa,Silver,Hybrid,4,67459,54655,1180,Low
X6,2024,Africa,Blue,Petrol,3.2,177835,72395,1626,Low
3 Series,2018,South America,Blue,Electric,3.3,190650,60560,8121,High
7 Series,2016,South America,Grey,Petrol,1.6,66213,70094,5446,Low
i8,2010,Europe,White,Diesel,2.6,191717,88283,7317,High
7 Series,2012,South America,Blue,Diesel,2.7,78103,68117,3012,Low
X6,2022,Asia,Grey,Petrol,3.5,193767,116538,8197,High
X6,2021,South America,Black,Hybrid,3.5,195411,77593,9885,High
M3,2023,South America,Silver,Hybrid,4,52339,32659,9573,High
X6,2018,North America,Grey,Diesel,4,110555,107478,5061,Low
3 Series,2024,Middle East,Silver,Electric,2.3,171594,57119,6481,Low
i3,2021,Europe,Red,Petrol,4.2,22394,31157,3118,Low
M3,2010,South America,Blue,Petrol,1.6,21078,55022,6374,Low
X5,2018,Africa,Blue,Hybrid,4,116302,65102,2217,Low
M3,2017,Asia,Red,Electric,1.9,66132,71125,6440,Low
M5,2010,Africa,White,Hybrid,4.1,140387,80402,4766,Low
i3,2015,South America,Red,Diesel,3.3,154238,47032,9316,High
i8,2014,Africa,Blue,Diesel,3,85535,113241,9160,High
7 Series,2015,South America,Grey,Petrol,3.9,109370,57120,8282,High
i8,2019,North America,Red,Petrol,1.6,47716,101190,6161,Low
7 Series,2021,Europe,Red,Electric,2.3,157562,70841,6858,Low
X1,2022,South America,Silver,Diesel,3.7,116511,89012,7077,High
5 Series,2022,Europe,Red,Petrol,4.5,187824,56520,3029,Low
5 Series,2022,North America,Blue,Electric,2.8,97363,87814,1206,Low
i8,2024,Middle East,Black,Petrol,2.4,92454,118386,8677,High
5 Series,2014,Middle East,Silver,Petrol,3.3,193006,56363,1878,Low
X1,2015,South America,Blue,Diesel,3.7,169138,94948,3389,Low
i8,2014,South America,Black,Diesel,3,79503,64984,5106,Low
X6,2020,Middle East,Black,Petrol,4.6,102694,89134,9161,High
3 Series,2021,Europe,Red,Hybrid,3.3,48443,93579,4695,Low
7 Series,2014,Middle East,White,Hybrid,1.6,191167,62516,4287,Low
M3,2013,Middle East,Blue,Hybrid,2.3,124441,93080,6979,Low
M3,2012,Asia,Blue,Electric,3.1,59715,106799,7318,High
7 Series,2012,Middle East,Blue,Electric,3.9,81509,110453,3265,Low
X1,2013,Middle East,Blue,Petrol,2.3,197229,103605,1284,Low
7 Series,2018,Africa,Blue,Petrol,4.9,179353,83743,5076,Low
3 Series,2011,Europe,White,Electric,2.6,14540,30328,4360,Low
i8,2024,North America,Silver,Hybrid,3.4,31725,85692,3638,Low
X1,2018,North America,Black,Diesel,1.6,55366,94893,171,Low
X1,2010,Europe,Black,Electric,4.6,147607,104754,1526,Low
X1,2023,North America,Black,Electric,4.3,94402,52338,1818,Low
i8,2024,Middle East,Grey,Petrol,2.2,176945,71133,3712,Low
X3,2024,Asia,Silver,Petrol,4.8,29173,60289,7710,High
X1,2010,South America,Red,Diesel,2.6,18447,39344,7772,High
3 Series,2014,Europe,White,Hybrid,3.9,4318,64579,8848,High
X1,2015,Europe,Black,Electric,4.4,117408,118444,395,Low
M5,2015,Europe,White,Petrol,4.1,154289,66188,9951,High
i8,2012,Middle East,White,Petrol,4.7,18803,64391,364,Low
M5,2016,South America,White,Electric,4.5,184303,33218,2859,Low
3 Series,2018,Europe,Red,Diesel,5,93784,106740,398,Low
7 Series,2020,South America,Black,Diesel,2.1,185458,39432,3921,Low
i8,2021,South America,Blue,Petrol,2.6,60409,106759,7792,High
i8,2019,Asia,Silver,Petrol,3.7,137601,45015,4434,Low
i8,2017,North America,Blue,Hybrid,4.1,33338,106667,6742,Low
5 Series,2015,Europe,Black,Diesel,3.4,146380,33942,1220,Low
M5,2021,Middle East,Silver,Petrol,1.8,158910,60717,5724,Low
X6,2017,Europe,Red,Petrol,4.4,68925,101449,8963,High
M3,2021,North America,Grey,Hybrid,4.9,106579,73418,2040,Low
i8,2014,South America,Blue,Electric,2.9,186497,65060,3768,Low
X5,2017,Asia,Silver,Petrol,2.3,81670,73274,7702,High
3 Series,2019,South America,Red,Hybrid,1.6,129661,40586,1651,Low
X1,2021,North America,Silver,Hybrid,2.3,131445,108107,4883,Low
X6,2013,Africa,Black,Diesel,3.9,153804,115317,5523,Low
X6,2019,Africa,Black,Hybrid,4.7,57991,51932,327,Low
X1,2017,Asia,Silver,Hybrid,1.8,9101,59738,3962,Low
i3,2019,Europe,Black,Petrol,3.4,26966,118571,3768,Low
7 Series,2021,Europe,Blue,Hybrid,3.9,148512,63422,8986,High
X3,2011,North America,Black,Hybrid,2.5,139511,37168,5499,Low
i3,2021,Middle East,Red,Diesel,3.5,18186,105635,1127,Low
X1,2021,Asia,Red,Hybrid,4,38752,119552,5485,Low
i8,2014,Asia,White,Diesel,4.4,130314,35639,2799,Low
M3,2018,Europe,Black,Hybrid,3.1,97253,97324,9357,High
X1,2013,Europe,Blue,Electric,4.1,130922,52822,8833,High
M5,2020,Middle East,White,Hybrid,2.6,93969,94689,356,Low
i3,2015,North America,Silver,Hybrid,2.2,49755,86534,7926,High
7 Series,2024,Africa,Silver,Diesel,2.2,177640,109434,1288,Low
M5,2010,Africa,Black,Petrol,2.8,185177,70027,4578,Low
M3,2018,North America,Grey,Diesel,1.6,120157,117237,8586,High
3 Series,2010,North America,Silver,Hybrid,2.5,136265,98452,7885,High
M3,2014,Asia,Grey,Diesel,3.8,44713,56712,1738,Low
7 Series,2013,Middle East,Red,Diesel,3.8,107778,103737,2794,Low
X1,2022,Asia,Grey,Petrol,1.8,158495,53776,450,Low
X5,2021,Europe,Blue,Electric,2.5,159267,67930,1636,Low
i3,2022,South America,Grey,Hybrid,3.5,174985,117256,1633,Low
5 Series,2022,Europe,Red,Petrol,2.6,52436,64944,5749,Low
X6,2023,Europe,Black,Hybrid,3,118642,65469,2441,Low
i3,2012,Middle East,White,Petrol,4,171574,34505,3245,Low
5 Series,2022,Europe,Blue,Petrol,1.5,199153,117801,9807,High
X1,2015,South America,White,Hybrid,2.5,40390,104445,4724,Low
X3,2011,Europe,Blue,Hybrid,2,17853,97419,6984,Low
i8,2012,Middle East,White,Petrol,1.9,97697,110826,6713,Low
X1,2014,Africa,Silver,Diesel,4.9,25752,70903,3054,Low
X3,2024,Europe,Black,Electric,2.8,175560,57989,1171,Low
M5,2018,Europe,Grey,Electric,3.3,122375,101165,9984,High
7 Series,2011,Asia,Grey,Petrol,4.1,108596,101241,1535,Low
5 Series,2019,North America,Red,Diesel,1.7,143842,52150,6399,Low
5 Series,2017,Europe,Red,Petrol,2.3,33003,92479,2183,Low
3 Series,2023,North America,Grey,Diesel,4.4,77275,114474,4347,Low
7 Series,2011,Asia,Blue,Diesel,4.5,95753,48790,7342,High
M3,2020,Africa,Black,Petrol,2.8,140877,58024,3842,Low
M3,2022,Europe,Grey,Petrol,2.8,160092,107369,8924,High
X3,2014,South America,White,Hybrid,4.1,29824,89522,7315,High
3 Series,2016,Europe,Black,Electric,2.5,60877,56472,2549,Low
3 Series,2017,Asia,Black,Diesel,1.9,187381,86050,835,Low
5 Series,2010,Asia,Blue,Hybrid,2.4,41747,91955,7263,High
5 Series,2015,Europe,Black,Hybrid,2.9,117221,92183,1903,Low
3 Series,2010,Middle East,Blue,Diesel,1.7,149295,109920,6039,Low
X3,2011,South America,Black,Petrol,3.2,3555,63102,987,Low
X6,2024,Africa,Silver,Hybrid,4.1,20712,80949,3613,Low
M3,2010,Asia,Blue,Hybrid,3.3,141383,84591,8926,High
i8,2020,South America,Grey,Hybrid,1.8,52517,38246,363,Low
X3,2014,Middle East,Grey,Petrol,3,43177,98481,8961,High
X5,2019,North America,Black,Petrol,4,128251,48576,2819,Low
3 Series,2024,Africa,Black,Hybrid,1.7,175447,81565,8031,High
X5,2018,Asia,Grey,Petrol,1.7,163846,40124,8149,High
X6,2015,Africa,Black,Diesel,2.8,75754,97287,8677,High
X5,2020,South America,Grey,Hybrid,2.2,44749,75453,4269,Low
X1,2020,Africa,Grey,Diesel,4.8,45000,79080,3621,Low
i3,2010,Middle East,Silver,Hybrid,3.5,163763,57271,8319,High
X6,2022,Middle East,White,Diesel,2.5,93721,98297,4590,Low
5 Series,2010,South America,Blue,Diesel,4,177240,37456,2271,Low
i8,2011,Africa,Red,Hybrid,2.8,125267,108465,9086,High
i3,2018,Asia,Silver,Electric,2,42039,55187,4302,Low
3 Series,2012,Africa,Grey,Electric,2.3,102142,42310,2538,Low
X5,2024,Asia,Silver,Hybrid,3.7,58429,78458,2300,Low
5 Series,2010,North America,Black,Electric,1.7,191728,112676,8052,High
X3,2014,Asia,Blue,Hybrid,2.5,148863,64510,1693,Low
3 Series,2016,Europe,Silver,Electric,2.2,3517,111150,5431,Low
3 Series,2015,Middle East,Black,Electric,2.2,103203,90629,503,Low
3 Series,2021,Europe,Blue,Petrol,3.9,14099,99184,421,Low
X5,2010,South America,Blue,Diesel,4.4,18925,82819,1701,Low
3 Series,2014,North America,Red,Diesel,4,49607,119039,9021,High
X3,2024,Europe,Silver,Diesel,3.8,48004,33214,9521,High
X6,2014,Asia,Black,Petrol,4.7,165214,113268,1777,Low
X5,2015,Africa,Silver,Petrol,1.7,40365,119178,3290,Low
X5,2012,Africa,Silver,Hybrid,2.1,121128,74402,5427,Low
X3,2014,North America,Red,Diesel,3,140851,39388,8413,High
i8,2016,Africa,Silver,Petrol,2.8,73090,31447,8134,High
X1,2014,Europe,Blue,Electric,3,197977,65328,3997,Low
i8,2014,North America,Black,Diesel,2.2,147408,104408,4135,Low
7 Series,2014,Asia,Black,Hybrid,2,43518,62793,1142,Low
3 Series,2019,Europe,Blue,Hybrid,3.3,21242,59387,4677,Low
X5,2019,Middle East,Silver,Petrol,4.7,137693,63480,4498,Low
5 Series,2012,Africa,Grey,Electric,2.9,31446,53591,9961,High
M5,2010,Middle East,Blue,Hybrid,1.7,112536,50314,8619,High
M5,2014,North America,Black,Electric,4,179185,48803,5774,Low
3 Series,2023,Middle East,Grey,Petrol,2.5,97987,52870,9979,High
X5,2018,Europe,White,Diesel,2.4,33911,69138,4366,Low
X1,2023,Middle East,Grey,Petrol,2.6,174282,102510,1523,Low
